<?xml version="1.0" encoding="UTF-8"?>
<GenRun Id="c_counter_binary_0_synth_1" LaunchPart="xc7a100tcsg324-1" LaunchTime="1544019848">
  <File Type="PA-TCL" Name="c_counter_binary_0.tcl"/>
  <File Type="REPORTS-TCL" Name="c_counter_binary_0_reports.tcl"/>
  <File Type="RDS-RDS" Name="c_counter_binary_0.vds"/>
  <File Type="RDS-UTIL" Name="c_counter_binary_0_utilization_synth.rpt"/>
  <File Type="RDS-UTIL-PB" Name="c_counter_binary_0_utilization_synth.pb"/>
  <File Type="RDS-DCP" Name="c_counter_binary_0.dcp"/>
  <FileSet Name="sources" Type="BlockSrcs" RelSrcDir="$PSRCDIR/c_counter_binary_0">
    <File Path="$PSRCDIR/sources_1/ip/c_counter_binary_0/c_counter_binary_0.xci">
      <FileInfo>
        <Attr Name="UsedIn" Val="synthesis"/>
        <Attr Name="UsedIn" Val="implementation"/>
        <Attr Name="UsedIn" Val="simulation"/>
      </FileInfo>
    </File>
    <Config>
      <Option Name="TopModule" Val="c_counter_binary_0"/>
      <Option Name="UseBlackboxStub" Val="1"/>
    </Config>
  </FileSet>
  <FileSet Name="constrs_in" Type="BlockSrcs" RelSrcDir="$PSRCDIR/c_counter_binary_0">
    <File Path="$PSRCDIR/sources_1/ip/c_counter_binary_0/c_counter_binary_0.xci">
      <FileInfo>
        <Attr Name="UsedIn" Val="synthesis"/>
        <Attr Name="UsedIn" Val="implementation"/>
        <Attr Name="UsedIn" Val="simulation"/>
      </FileInfo>
    </File>
    <Config>
      <Option Name="TopModule" Val="c_counter_binary_0"/>
      <Option Name="UseBlackboxStub" Val="1"/>
    </Config>
  </FileSet>
  <Strategy Version="1" Minor="2">
    <StratHandle Name="Vivado Synthesis Defaults" Flow="Vivado Synthesis 2018"/>
    <Step Id="synth_design"/>
  </Strategy>
</GenRun>
